"id","name","birthday","email"
3,"Darsey","2012-02-25","dsimonaitis2@flickr.com"
4,"Meredith","1999-05-06","molagen3@tumblr.com"
5,"Augustus","2016-06-10","aleppo4@xinhuanet.com"
6,"Marrilee","2012-06-06","mwestmoreland5@hao123.com"
7,"Erv","2019-11-03","erookesby6@ihg.com"
8,"Milicent","2017-05-10","mcesco7@zimbio.com"
9,"Devin","2007-10-29","deddolls8@apache.org"
10,"Farly","2007-04-21","fthomasson9@buzzfeed.com"
11,"Ahmed","2023-06-20","aaleksidzea@opera.com"
12,"Justus","2008-11-05","jkingsburyb@buzzfeed.com"
13,"Tymon","2022-12-31","ttrusdalec@blogger.com"
14,"Ameline","2017-12-30","aromerad@wikimedia.org"
18,"Reese","2023-01-16","rstablerh@qq.com"
20,"Mikel","2009-07-03","mpetrenkoj@imageshack.us"
21,"Jen","2008-07-05","jmacpadenek@bigcartel.com"
22,"Benson","2009-12-12","bseamonsl@cbsnews.com"
24,"Mickie","2004-03-04","mpettigreen@blinklist.com"
25,"Noe","1999-06-08","nbellisono@tinyurl.com"
26,"Kipper","2012-07-08","kpohlsp@feedburner.com"
27,"Janene","2018-08-15","jsharplyq@admin.ch"
28,"Vincenty","2024-02-21","vchessellr@4shared.com"
29,"Libbey","2001-01-14","lchritchleys@bing.com"
